cohort_month,months_since_first,cohort_size,active_customers,retention_pct
2016-09-01,0,2,2,100.00
2016-09-01,1,2,0,0.00
2016-09-01,2,2,0,0.00
2016-09-01,3,2,0,0.00
2016-09-01,4,2,0,0.00
2016-09-01,5,2,0,0.00
2016-09-01,6,2,0,0.00
2016-09-01,7,2,0,0.00
2016-09-01,8,2,0,0.00
2016-09-01,9,2,0,0.00
2016-09-01,10,2,0,0.00
2016-09-01,11,2,0,0.00
2016-09-01,12,2,0,0.00
2016-09-01,13,2,0,0.00
2016-09-01,14,2,0,0.00
2016-09-01,15,2,0,0.00
2016-09-01,16,2,0,0.00
2016-09-01,17,2,0,0.00
2016-09-01,18,2,0,0.00
2016-09-01,19,2,0,0.00
2016-09-01,20,2,0,0.00
2016-09-01,21,2,0,0.00
2016-09-01,22,2,0,0.00
2016-09-01,23,2,0,0.00
2016-09-01,24,2,0,0.00
2016-10-01,0,287,287,100.00
2016-10-01,1,287,0,0.00
2016-10-01,2,287,0,0.00
2016-10-01,3,287,0,0.00
2016-10-01,4,287,0,0.00
2016-10-01,5,287,0,0.00
2016-10-01,6,287,1,0.35
2016-10-01,7,287,0,0.00
2016-10-01,8,287,0,0.00
2016-10-01,9,287,1,0.35
2016-10-01,10,287,0,0.00
2016-10-01,11,287,1,0.35
2016-10-01,12,287,0,0.00
2016-10-01,13,287,1,0.35
2016-10-01,14,287,0,0.00
2016-10-01,15,287,1,0.35
2016-10-01,16,287,0,0.00
2016-10-01,17,287,1,0.35
2016-10-01,18,287,0,0.00
2016-10-01,19,287,2,0.70
2016-10-01,20,287,2,0.70
2016-10-01,21,287,0,0.00
2016-10-01,22,287,0,0.00
2016-10-01,23,287,0,0.00
2016-12-01,0,1,1,100.00
2016-12-01,1,1,1,100.00
2016-12-01,2,1,0,0.00
2016-12-01,3,1,0,0.00
2016-12-01,4,1,0,0.00
2016-12-01,5,1,0,0.00
2016-12-01,6,1,0,0.00
2016-12-01,7,1,0,0.00
2016-12-01,8,1,0,0.00
2016-12-01,9,1,0,0.00
2016-12-01,10,1,0,0.00
2016-12-01,11,1,0,0.00
2016-12-01,12,1,0,0.00
2016-12-01,13,1,0,0.00
2016-12-01,14,1,0,0.00
2016-12-01,15,1,0,0.00
2016-12-01,16,1,0,0.00
2016-12-01,17,1,0,0.00
2016-12-01,18,1,0,0.00
2016-12-01,19,1,0,0.00
2016-12-01,20,1,0,0.00
2016-12-01,21,1,0,0.00
2017-01-01,0,752,752,100.00
2017-01-01,1,752,3,0.40
2017-01-01,2,752,2,0.27
2017-01-01,3,752,1,0.13
2017-01-01,4,752,3,0.40
2017-01-01,5,752,1,0.13
2017-01-01,6,752,3,0.40
2017-01-01,7,752,1,0.13
2017-01-01,8,752,1,0.13
2017-01-01,9,752,0,0.00
2017-01-01,10,752,3,0.40
2017-01-01,11,752,1,0.13
2017-01-01,12,752,5,0.66
2017-01-01,13,752,3,0.40
2017-01-01,14,752,1,0.13
2017-01-01,15,752,1,0.13
2017-01-01,16,752,2,0.27
2017-01-01,17,752,3,0.40
2017-01-01,18,752,0,0.00
2017-01-01,19,752,1,0.13
2017-01-01,20,752,0,0.00
2017-02-01,0,1690,1690,100.00
2017-02-01,1,1690,4,0.24
2017-02-01,2,1690,5,0.30
2017-02-01,3,1690,2,0.12
2017-02-01,4,1690,7,0.41
2017-02-01,5,1690,2,0.12
2017-02-01,6,1690,4,0.24
2017-02-01,7,1690,3,0.18
2017-02-01,8,1690,2,0.12
2017-02-01,9,1690,3,0.18
2017-02-01,10,1690,2,0.12
2017-02-01,11,1690,5,0.30
2017-02-01,12,1690,2,0.12
2017-02-01,13,1690,3,0.18
2017-02-01,14,1690,2,0.12
2017-02-01,15,1690,1,0.06
2017-02-01,16,1690,1,0.06
2017-02-01,17,1690,4,0.24
2017-02-01,18,1690,0,0.00
2017-02-01,19,1690,0,0.00
2017-03-01,0,2571,2571,100.00
2017-03-01,1,2571,13,0.51
2017-03-01,2,2571,9,0.35
2017-03-01,3,2571,10,0.39
2017-03-01,4,2571,9,0.35
2017-03-01,5,2571,4,0.16
2017-03-01,6,2571,4,0.16
2017-03-01,7,2571,8,0.31
2017-03-01,8,2571,9,0.35
2017-03-01,9,2571,2,0.08
2017-03-01,10,2571,10,0.39
2017-03-01,11,2571,3,0.12
2017-03-01,12,2571,6,0.23
2017-03-01,13,2571,3,0.12
2017-03-01,14,2571,4,0.16
2017-03-01,15,2571,6,0.23
2017-03-01,16,2571,2,0.08
2017-03-01,17,2571,4,0.16
2017-03-01,18,2571,0,0.00
2017-04-01,0,2325,2325,100.00
2017-04-01,1,2325,14,0.60
2017-04-01,2,2325,5,0.22
2017-04-01,3,2325,4,0.17
2017-04-01,4,2325,7,0.30
2017-04-01,5,2325,6,0.26
2017-04-01,6,2325,8,0.34
2017-04-01,7,2325,7,0.30
2017-04-01,8,2325,7,0.30
2017-04-01,9,2325,4,0.17
2017-04-01,10,2325,6,0.26
2017-04-01,11,2325,2,0.09
2017-04-01,12,2325,2,0.09
2017-04-01,13,2325,1,0.04
2017-04-01,14,2325,2,0.09
2017-04-01,15,2325,2,0.09
2017-04-01,16,2325,3,0.13
2017-04-01,17,2325,0,0.00
2017-05-01,0,3541,3541,100.00
2017-05-01,1,3541,17,0.48
2017-05-01,2,3541,17,0.48
2017-05-01,3,3541,14,0.40
2017-05-01,4,3541,11,0.31
2017-05-01,5,3541,12,0.34
2017-05-01,6,3541,15,0.42
2017-05-01,7,3541,5,0.14
2017-05-01,8,3541,9,0.25
2017-05-01,9,3541,9,0.25
2017-05-01,10,3541,9,0.25
2017-05-01,11,3541,12,0.34
2017-05-01,12,3541,9,0.25
2017-05-01,13,3541,1,0.03
2017-05-01,14,3541,7,0.20
2017-05-01,15,3541,8,0.23
2017-05-01,16,3541,0,0.00
2017-06-01,0,3102,3102,100.00
2017-06-01,1,3102,14,0.45
2017-06-01,2,3102,11,0.35
2017-06-01,3,3102,12,0.39
2017-06-01,4,3102,8,0.26
2017-06-01,5,3102,12,0.39
2017-06-01,6,3102,11,0.35
2017-06-01,7,3102,7,0.23
2017-06-01,8,3102,4,0.13
2017-06-01,9,3102,7,0.23
2017-06-01,10,3102,10,0.32
2017-06-01,11,3102,10,0.32
2017-06-01,12,3102,5,0.16
2017-06-01,13,3102,4,0.13
2017-06-01,14,3102,6,0.19
2017-06-01,15,3102,0,0.00
2017-07-01,0,3822,3822,100.00
2017-07-01,1,3822,20,0.52
2017-07-01,2,3822,13,0.34
2017-07-01,3,3822,9,0.24
2017-07-01,4,3822,11,0.29
2017-07-01,5,3822,8,0.21
2017-07-01,6,3822,12,0.31
2017-07-01,7,3822,4,0.10
2017-07-01,8,3822,7,0.18
2017-07-01,9,3822,10,0.26
2017-07-01,10,3822,8,0.21
2017-07-01,11,3822,11,0.29
2017-07-01,12,3822,5,0.13
2017-07-01,13,3822,10,0.26
2017-07-01,14,3822,0,0.00
2017-08-01,0,4130,4130,100.00
2017-08-01,1,4130,28,0.68
2017-08-01,2,4130,14,0.34
2017-08-01,3,4130,11,0.27
2017-08-01,4,4130,15,0.36
2017-08-01,5,4130,22,0.53
2017-08-01,6,4130,12,0.29
2017-08-01,7,4130,11,0.27
2017-08-01,8,4130,6,0.15
2017-08-01,9,4130,6,0.15
2017-08-01,10,4130,10,0.24
2017-08-01,11,4130,8,0.19
2017-08-01,12,4130,5,0.12
2017-08-01,13,4130,0,0.00
2017-09-01,0,4075,4075,100.00
2017-09-01,1,4075,28,0.69
2017-09-01,2,4075,22,0.54
2017-09-01,3,4075,12,0.29
2017-09-01,4,4075,18,0.44
2017-09-01,5,4075,9,0.22
2017-09-01,6,4075,9,0.22
2017-09-01,7,4075,10,0.25
2017-09-01,8,4075,12,0.29
2017-09-01,9,4075,7,0.17
2017-09-01,10,4075,11,0.27
2017-09-01,11,4075,3,0.07
2017-09-01,12,4075,0,0.00
2017-10-01,0,4392,4392,100.00
2017-10-01,1,4392,31,0.71
2017-10-01,2,4392,11,0.25
2017-10-01,3,4392,4,0.09
2017-10-01,4,4392,10,0.23
2017-10-01,5,4392,9,0.20
2017-10-01,6,4392,9,0.20
2017-10-01,7,4392,16,0.36
2017-10-01,8,4392,12,0.27
2017-10-01,9,4392,9,0.20
2017-10-01,10,4392,9,0.20
2017-10-01,11,4392,0,0.00
2017-11-01,0,7188,7188,100.00
2017-11-01,1,7188,40,0.56
2017-11-01,2,7188,28,0.39
2017-11-01,3,7188,12,0.17
2017-11-01,4,7188,14,0.19
2017-11-01,5,7188,13,0.18
2017-11-01,6,7188,8,0.11
2017-11-01,7,7188,14,0.19
2017-11-01,8,7188,9,0.13
2017-11-01,9,7188,4,0.06
2017-11-01,10,7188,0,0.00
2017-12-01,0,5437,5437,100.00
2017-12-01,1,5437,12,0.22
2017-12-01,2,5437,15,0.28
2017-12-01,3,5437,19,0.35
2017-12-01,4,5437,14,0.26
2017-12-01,5,5437,11,0.20
2017-12-01,6,5437,9,0.17
2017-12-01,7,5437,1,0.02
2017-12-01,8,5437,12,0.22
2017-12-01,9,5437,0,0.00
2018-01-01,0,6951,6951,100.00
2018-01-01,1,6951,23,0.33
2018-01-01,2,6951,25,0.36
2018-01-01,3,6951,20,0.29
2018-01-01,4,6951,20,0.29
2018-01-01,5,6951,11,0.16
2018-01-01,6,6951,12,0.17
2018-01-01,7,6951,16,0.23
2018-01-01,8,6951,0,0.00
2018-02-01,0,6356,6356,100.00
2018-02-01,1,6356,23,0.36
2018-02-01,2,6356,25,0.39
2018-02-01,3,6356,19,0.30
2018-02-01,4,6356,17,0.27
2018-02-01,5,6356,14,0.22
2018-02-01,6,6356,13,0.20
2018-02-01,7,6356,0,0.00
2018-03-01,0,6931,6931,100.00
2018-03-01,1,6931,28,0.40
2018-03-01,2,6931,21,0.30
2018-03-01,3,6931,20,0.29
2018-03-01,4,6931,9,0.13
2018-03-01,5,6931,8,0.12
2018-03-01,6,6931,0,0.00
2018-04-01,0,6698,6698,100.00
2018-04-01,1,6698,39,0.58
2018-04-01,2,6698,21,0.31
2018-04-01,3,6698,16,0.24
2018-04-01,4,6698,9,0.13
2018-04-01,5,6698,0,0.00
2018-05-01,0,6586,6586,100.00
2018-05-01,1,6586,34,0.52
2018-05-01,2,6586,17,0.26
2018-05-01,3,6586,13,0.20
2018-05-01,4,6586,0,0.00
2018-06-01,0,5920,5920,100.00
2018-06-01,1,5920,25,0.42
2018-06-01,2,5920,16,0.27
2018-06-01,3,5920,0,0.00
2018-07-01,0,6017,6017,100.00
2018-07-01,1,6017,31,0.52
2018-07-01,2,6017,0,0.00
2018-08-01,0,6209,6209,100.00
2018-08-01,1,6209,1,0.02
