month_start,year_num,month_num,order_count,revenue,avg_order_value,prev_month_revenue,mom_growth_pct,ytd_revenue
2016-09-01,2016,9,2,207.86,103.93,,,207.86
2016-10-01,2016,10,290,44507.30,153.47,207.86,21312.2,44715.16
2016-11-01,2016,11,0,0.00,,44507.30,-100.0,44715.16
2016-12-01,2016,12,1,10.90,10.90,0.00,,44726.06
2017-01-01,2017,1,787,120098.27,152.60,10.90,1101719.0,120098.27
2017-02-01,2017,2,1718,244959.35,142.58,120098.27,104.0,365057.62
2017-03-01,2017,3,2617,368341.32,140.75,244959.35,50.4,733398.94
2017-04-01,2017,4,2377,353842.98,148.86,368341.32,-3.9,1087241.92
2017-05-01,2017,5,3640,503159.19,138.23,353842.98,42.2,1590401.11
2017-06-01,2017,6,3205,429916.61,134.14,503159.19,-14.6,2020317.72
2017-07-01,2017,7,3946,492287.30,124.76,429916.61,14.5,2512605.02
2017-08-01,2017,8,4272,568245.79,133.02,492287.30,15.4,3080850.81
2017-09-01,2017,9,4227,621415.91,147.01,568245.79,9.4,3702266.72
2017-10-01,2017,10,4547,660179.62,145.19,621415.91,6.2,4362446.34
2017-11-01,2017,11,7421,1003862.14,135.27,660179.62,52.1,5366308.48
2017-12-01,2017,12,5618,742183.79,132.11,1003862.14,-26.1,6108492.27
2018-01-01,2018,1,7187,945456.29,131.55,742183.79,27.4,945456.29
2018-02-01,2018,2,6624,837895.43,126.49,945456.29,-11.4,1783351.72
2018-03-01,2018,3,7168,981051.06,136.87,837895.43,17.1,2764402.78
2018-04-01,2018,4,6919,993592.98,143.60,981051.06,1.3,3757995.76
2018-05-01,2018,5,6833,992871.75,145.31,993592.98,-0.1,4750867.51
2018-06-01,2018,6,6145,863265.53,140.48,992871.75,-13.1,5614133.04
2018-07-01,2018,7,6233,878044.27,140.87,863265.53,1.7,6492177.31
2018-08-01,2018,8,6421,848860.10,132.20,878044.27,-3.3,7341037.41
2018-09-01,2018,9,1,145.00,145.00,848860.10,-100.0,7341182.41
