"customer_id","customer_unique_id","customer_zip_code_prefix","customer_city","customer_state"
"d95f60d70d9ea9a7fe37c53c931940bb","004b45ec5c64187465168251cd1c9c2f","57035","maceio","AL"
"8ac44e9c15d396b8c3c7cbab0fff4536","0058f300f57d7b93c477a131a59b36c3","41370","salvador","BA"
"f8e05a045de09e7855c9df3bb8815e0e","012452d40dafae4df401bced74cdb490","03220","sao paulo","SP"
"ea6ba2b2e27f7efea73bdeab7fd6e4a0","0178b244a5c281fb2ade54038dd4b161","14960","novo horizonte","SP"
"026ca919d538ee454a6d43fc8bd01de0","018b5a7502c30eb5f230f1b4eb23a156","74936","aparecida de goiania","GO"
"26e3c68ac33db7ab2b257c9c35c23752","031ea691b99fc101dcad357d1a83573f","05883","sao paulo","SP"
"57cd7f8752db725b97feba09655b9a2d","0451ef5a31cea3e14ce02d768d7c9943","41635","salvador","BA"
"caded193e8e47b8362864762a83db3c5","08fb46d35bb3ab4037202c23592d1259","13215","jundiai","SP"
"a8876ecd91fd22bc8b420c9a4be69955","09d74edf20acb4f9523fb1cf19a18456","34012","nova lima","MG"
"282fbce48e4d2077aad602dd125c9225","0ceb502fc33a2ad327b08288c5310e2e","29134","viana","ES"
"ddaa9eb11c47f72970f6ea1de0b480b6","0ea353565cdde00e1d8352a08290a352","22420","rio de janeiro","RJ"
"9b63fc9c90f6be5237bf13b4804916fa","10b58cbd6607267fd41812614367439e","35304","caratinga","MG"
"66905eb09ad32271ee0035c844dda66b","1197ba886110324a1519fff17dd8d1d2","29166","serra","ES"
"8622c629a0890a4ca20d1e7016e1a613","11b47516f8f6a42105b9807903ede333","26383","queimados","RJ"
"809400fee84b0974febb3e3dfa7514be","1291474366a550ebc251d9187e763d62","12239","sao jose dos campos","SP"
"e8ac28789133afe8f118a6cb8776d322","133e20311ec257bda38f1798250d38c5","57740","paulo jacinto","AL"
"1c51a3ed484cc5b74ea67b98402bc18e","13473af264dea0facd893d6516900b22","30518","belo horizonte","MG"
"490f3d8fb78a8b5b1d9fd5ab8b4855d1","1372bab98f9966bcd4a6fa3e6df6dde8","01533","sao paulo","SP"
"1bd05d9a0031e8461d15550893d9b85a","13abc50b97af7425b5066e405d7cd760","07793","cajamar","SP"
"f40cc9209965e48412fc7fcef541113e","15d2493aa522c1040d639aa74bd1fb31","04431","sao paulo","SP"
"910a468080f5af3a6e7c626d0f247a75","16bd767d18bf82bb09fc51520f7ea5ab","07011","guarulhos","SP"
"36fb830261b73dccda10d2199a523d58","18186af785c301b05127a291eac901e1","70775","brasilia","DF"
"474ea672696b1f26ea40d7e7e2bf357f","18d61a27f478cd6201df948578f814f9","13202","jundiai","SP"
"80cd6471cc015cdc037bb17791e1ccc6","1a2ede4e787ad199c46719ecb02d81ea","02553","sao paulo","SP"
"48a5aad743589b82d3c338f578e649a8","1e0926e360000226b237bf277aec3380","30411","belo horizonte","MG"
"36d63113a38882f3f464f8eaa96c4b1c","1f90117a847636892e3c5bf569f2ac68","88780","imbituba","SC"
"a36b51ac1817af488ecb95f6e8247cfb","2410195f6521688005612363835a2671","09540","sao caetano do sul","SP"
"ed9cf34322528c197813a9be04587785","247e0dcd20596bee51bd2b07f633fa04","64056","teresina","PI"
"88196bd808ae8abe1b944efe1807b508","251e658613a224723f8a077946183b20","04363","sao paulo","SP"
"25393946a2c0938581a0f493d3c96993","280c34dc057ff9f3cd17360673d4b87c","95900","lajeado","RS"
"318e3f3fa99cf30a7885757084c4b47e","282d49fddab8e95a8673a2a90072cf5c","35702","sete lagoas","MG"
"78292d3014075572ac392eafc05ae2b9","29f8e372b3b1d42ad2e00a0b976bfc34","06260","osasco","SP"
"3b44c4372e0517568699266a2d6a758d","2b174670dbec666bbc68b6e2a4062740","29101","vila velha","ES"
"2c699e733aa003efaa30199d2dfc4c41","2b19910e856b2ba3e7257e63a093a3df","24933","marica","RJ"
"3484542c6ea610e48fd062a81b8d2220","2b952792a20f6076f6e7a9c6a27ade02","13315","cabreuva","SP"
"cafaf59bd14e7535e7b6620739ac144a","2be5dce8b491a7bc6a65d6e91bf49812","16013","aracatuba","SP"
"4b9a9a8f782e51945f239d38303a0d5a","2c45ab66a3dae52960147e76a35740ff","97020","santa maria","RS"
"bd63d147fd1e90cacffad1fe807d8911","2c6a91479a7dc00d8c9d650d8dee88ca","88370","navegantes","SC"
"c82367a413b58dcccbad4eb8a50e8945","2ccc5d0620e07e3b54b83848c31a08fa","29107","vila velha","ES"
"f7890ae6447233ac18ec39dbed309b13","2dd7f52683f631651a5d94056935e1e1","05855","sao paulo","SP"
"60a13661d952a5128a7c81ea31e54727","2e08911037fe7ec67377711eee1fdbf3","95700","bento goncalves","RS"
"2d40ec967a9f9fcdad984e510b781fa6","2f1ae2ed6bbc4661d04c271560570c54","02415","sao paulo","SP"
"2e668e8d5ccc335c292ade2a90506ba0","2fd07dc5dbae616986e00fb72e7a779b","12327","jacarei","SP"
"59e70f1a3f114665e9d5e636b52c2607","313febe2adc914a7cb3f6e903f8e13cf","13212","jundiai","SP"
"5ffd902ee25652c42ea338c4bb484d01","31bfa97f1ea0663a50ebc5c811ebdf4d","09941","diadema","SP"
"ae19015eda5e64bb7ff163a4a4b87435","31d958dffbf0b744375b5ff0393e6fb3","16026","aracatuba","SP"
"8c6dd8d4c67aba9eeff1cc996a8bc737","330fdaa06f93c0c6ffb4af7d79c1ef12","13035","campinas","SP"
"b102a52bc45edc1d739120e3f7c6f3b2","340d924858c395848c127b3e772b6bfd","31995","belo horizonte","MG"
"7b2ff9be0c86252de722d6287c6d9668","345759b8cb3d30586551de1ca6905df0","49055","aracaju","SE"
"dafb48d3122c3431292b3e7efe1182ce","36cfec707344b75d20e6c7ef583c3b8c","30620","belo horizonte","MG"
"7a6df604a8e7425753aa476b3b0a15c9","37266d5c6bf5cb0700372d16599a9b21","35170","coronel fabriciano","MG"
"16c3c9fbca9023acba9f5b00daacc1f0","374fcbbfcf189ae177b2f955f9e74b3d","18277","tatui","SP"
"dc75c9ef71e6cbda48cbe416729b79ba","3c5e1130694632f44051b23fd86ad9e2","83322","pinhais","PR"
"85f4e1a23fa6be40331706e9eebbdaa1","3d75cbf8643a1c15723adb850fb5f928","04365","sao paulo","SP"
"46fb8cff647939aaf32c4ab5be554501","3edcab192482e9871c17b34cf98c3996","33821","ribeirao das neves","MG"
"ab308900612e0f192d73e0051653af5a","3f1ae9854823f7c0a8027bd994b2ce64","36506","uba","MG"
"b90967a09edc5a1bbb7eff576bb6955b","408aee96c75632a92e5079eee61da399","01317","sao paulo","SP"
"6357fffb5704244d552615bbfcea1442","44b6bbfea26596437062a38c8e6bcec1","15040","sao jose do rio preto","SP"
"a820146409b46b535505aff7d58f3ffc","4577881f7a6c10d8eb6bd7f7a82ffa86","03510","sao paulo","SP"
"0b79f3d959c1308c5ac26ad7eceb2e9b","46b061196b47dfe9318d38bab6a40ee7","11722","praia grande","SP"
"5b4dd015f14d47ede684c5cd40c338b2","4962136f755981b83b03f476e66eea7d","89117","gaspar","SC"
"7f3fc39c83759723562a0fa24e20622a","4b1141303289a23d05776bd25076c2fd","22241","rio de janeiro","RJ"
"c096587845614184e0dbdbe8c8eb7662","4be8154b42b4593fae17f1b2cb375615","72115","brasilia","DF"
"343ba8ba4c413d458aa3b2897f94c4f1","4bf3d072dcf303280e82dc697b516c6f","05508","sao paulo","SP"
"802bb9a59876a712f8380da8f297057c","4c93744516667ad3b8f1fb645a3116a4","89253","jaragua do sul","SC"
"4280fa78d7c43abc5e98a8a3b44d9350","4cfa5155cf7cff8eb15e0b12041d058e","04746","sao paulo","SP"
"91db678752ee943f3565ef444a7072ad","4e1cce07cd5937c69dacac3c8b13d965","13736","mococa","SP"
"1913c0c2889d3e40b654d65f9611b750","4e5aba2c9b150920c8c7b5b4ee0c197d","05844","sao paulo","SP"
"f73053e66b18d5fa21d725a636bc68ef","4ef6c02126b21225e011b242f9f79c6f","15015","sao jose do rio preto","SP"
"7f32fbd449189b491a58a78eb5357b9f","507dc9becd4fc65635d90682dfa9d3a3","98780","santa rosa","RS"
"3bb2ca99ebaefce6b686af18c74833c3","508cae50c5c1e72079d266a513bca9ae","15061","sao jose do rio preto","SP"
"e877086197825ee3f2e924ed5218b9fe","50915df398391da01c01bd5cf272f61b","06763","taboao da serra","SP"
"0d46b5f4d5aad845679221aa951bde39","50ad9fb3ba7f8cf336529fe94a182996","22790","rio de janeiro","RJ"
"11c088d06e0031f259bde2844d96096a","50e1b12ee1e2eab6157d9c0b035136af","29110","vila velha","ES"
"fce4759d6e9d0ff4f6cbe26defda94e1","518199e5f36305bffce18e38aa2642aa","13820","jaguariuna","SP"
"bad4461ca80fdc3b1cbcdeb8ccb6ad42","5192c897072033288df55bd01b0e5737","21615","rio de janeiro","RJ"
"f619b4330701af65eb83e1540d775550","51d8d985d769925b981b4a34ddf6dfc6","35340","bom jesus do galho","MG"
"be86fa74e11a379921b351e57ea71f13","5275b2f97b9c995d3d05a58610c0bb67","22620","rio de janeiro","RJ"
"079da973ecd0fb654da4ffdb946c9ea1","527c6fbbe85cdf78ff1645e0a71e266f","01455","sao paulo","SP"
"338a88863afef428379f400aaf88ebb0","547d0504ca415eb4864fa3030f73d3f3","37950","sao sebastiao do paraiso","MG"
"aaf5e78f089c2839879586a479447347","5568fb2b583235812ed08eb9587d0465","23812","itaguai","RJ"
"07607659be36fe8f61630b1e89afb53e","556ffcdd6185be1c44ea83be3b1b5f86","83701","araucaria","PR"
"00796be07bfc87dad2e31ef15490a718","570eb70ff97166b85ea96be3bfb65fef","31130","belo horizonte","MG"
"55945e7471c527fc4ff7066baeb8c477","58498d9dec038f925f6406ebdfdc36bb","21921","rio de janeiro","RJ"
"7236ea8b7c6721882ba4c28a427e184f","597e54e653cbc1ce5df1e6d97bbc448c","11701","praia grande","SP"
"acebbc9f40ca44f6a8a1f9b93d65cde6","5ad84888519e10ff52d8af00641d41bc","20040","rio de janeiro","RJ"
"2985f6b30228725ea3b233e6c8b87735","5cbfdb85ec130898108b32c50d619c39","78640","canarana","MT"
"0dc788e30451d4766e5563f1686d9fc5","5d2dfd15300a557c1ddfad56a8460226","70767","brasilia","DF"
"347383eb85480a99e9df0bba4b129093","628bdd93abd27fbdd50f4e2e91ec64b3","14021","ribeirao preto","SP"
"da2bd16b131bc90653b87fe4d8fd266e","62a25a159f9fd2ab7c882d9407f49aa9","36500","uba","MG"
"4491394c47b830b8d4c14645d4c55344","6345e3b3ba5ee47685e29ec5febc8155","06454","barueri","SP"
"87f0ec364663b17030ed5182e814adc2","63669b3731dcc014feec668c3d888aa0","05734","sao paulo","SP"
"ac20409a5bcf2810040956b8fb803c70","657dec397f46d84dbe64df2b0389b3cc","27351","barra mansa","RJ"
"71ac72b29860fdac58666426bbe6b4ba","67806996190d3af60247f64e1d03877f","52160","recife","PE"
"18111f48bcdff217fe03447584f175ab","67bddde1844b238fe25995cde1612b4e","60337","fortaleza","CE"
"0a80cb0961116e638ec1e053d8107557","684fdd89d877968793cfb9c8f7ef7874","13212","jundiai","SP"
"a09beb0c78d884b69948b7a340fe9e68","68f412bbb674141ab49ef13b501baf45","35300","caratinga","MG"
"9f258623281e8e6c74463a67f640c4c5","69aab61687fa416ef601af332bd0ff0d","11730","mongagua","SP"
"a0d7b33207a3e704649cc1c9037cc900","6aa14366984bcc5f1ea760928283d451","16301","penapolis","SP"
"81b19d2deb2e6a0bb045072ac3bee91e","6bb0bebc0758e1a834cb5bf96b6d8feb","18409","itapeva","SP"
"3947a361301f2ff0f3223159a0f2701c","6d3d5771a12f5e7d00729f940bb28fd2","89707","concordia","SC"
"e4756f623e8c167acef360bc3e22f060","6e1550b8966f327f29bc06b18972dbec","15045","sao jose do rio preto","SP"
"fe3a04d82937a1d7343249c13322e99c","70aa9ef908248a2ec9e03b77ce1ff357","07197","guarulhos","SP"
"e8945aceed698580f92f6d9e4ecaf34e","71048f40f553973d48d6fe35d01a3afb","66914","belem","PA"
"291db4200871af918813cb0a7667a505","719f18245d86356b20dbfc6ebff6498d","22631","rio de janeiro","RJ"
"9aba1be6a33b379bcc4da86e75b731d3","71b8dc9ce21a7ca5344bde166e117c9f","23575","rio de janeiro","RJ"
"dea8d18a25a01a5e5662e64b4a9be87c","7311b47a208b4f5af09ccc62fafea9e2","24426","sao goncalo","RJ"
"fdbfa1944122bb284a279fbc1030a143","738ffcf1017b584e9d2684b36e07469c","65055","sao luis","MA"
"00e5b2926b61c618f32e26a8683d84c7","75e750a6279d55f7137bb9e9bb8662cf","80430","curitiba","PR"
"98a2d639991fc713adc2c95e1b5a3c51","78fcceb499ec9008fcecbaad21efefc6","15420","guaraci","SP"
"275f5f7ae20f7e971f370b0c19728efb","7a6b4947e01039432cac229435d058ee","13482","limeira","SP"
"b1ad9ed44c9f38c75ddabd01eb6f6585","7b662d846265cb0ed144db95fe0c74dc","03362","sao paulo","SP"
"302025f399c7405c509a297b6b9a1e73","7bf1c59401206e31a78523077f3a1144","06765","taboao da serra","SP"
"f45b8234b31295cb26105b9a3ce3623b","7bf5c9596fc39d41078cb46a86b23831","22440","rio de janeiro","RJ"
"246295516c97fc54aa274c6fd2222602","7d3d94b4740895a17760e976797f9f0e","73752","planaltina","GO"
"643e88765c35e37d0edbc289d8ab310e","7f50c43baa66aae590aa1a067427cce5","30310","belo horizonte","MG"
"7b3a3ec1498bfbfa893ff037034cd0a9","801512ead4c9cbc98ecd208f45c975ec","20720","rio de janeiro","RJ"
"98f6d35d8cb5a1d8a803cf8d474767a7","80e00a7b9ead7590bf05116f0237c896","04211","sao paulo","SP"
"91508c285297e223204b0b2952d92344","818a54422350b38d3fb1cb3a1553889f","08830","mogi das cruzes","SP"
"f3e49ba0a33ed964f5e7f20b9ae1c478","81ede855f58f99b76014d66d161e7a23","05468","sao paulo","SP"
"14771e5438c96d48727f0abcc82a0f9c","82c173abf4679049bd8628bfe89a9f2c","24230","niteroi","RJ"
"a3e97fa8c85bb70ec9b30785c7116682","860f75391be5698f015d3b234e7576d6","04119","sao paulo","SP"
"5816fca433ad77009526448784035891","86b59358310b208f822e416e59c96672","25953","teresopolis","RJ"
"9286639c1e08a7be041e38c68d2439e4","878d1683076172a5b7ffc7126ba99acd","35010","governador valadares","MG"
"05425c98e35d762211742df2a2b30af0","87a7c3090f96d9da963125a0d7f8193a","06114","osasco","SP"
"2289a9558ea36b40edd3c8a83194f701","8b433c0e7b7d2a1f1148b4277cc673f8","88811","criciuma","SC"
"6392803bb7bf94fdb660b2a57c149457","8b4bb71a7d37d4c2560e0f0409a58905","69060","manaus","AM"
"7640e5568c56caebc8e765dd896b6182","8c21dd8c37144807c601f99f2a209dfb","74950","aparecida de goiania","GO"
"343506512287287cf0c18d485fe44c9f","8e84222ad36cb6ab528b745ae6e18d11","31985","belo horizonte","MG"
"c0244f9f43928cd292fdaabf59c49ae7","8f2fa110f45a5b5592f1593842b7e87d","06700","cotia","SP"
"1dfc184018e7629962a4a1ddcda18be4","8f567321ba12101dedc07c70b7021069","36502","uba","MG"
"b1bd82709d081818f2e3c31399ae5d68","8f6ce2295bdbec03cd50e34b4bd7ba0a","22230","rio de janeiro","RJ"
"7466b6283519a7725a8a30cd00f8784e","91def939002d33dcbf6a038b5c879f7b","65715","lago da pedra","MA"
"cb67357747667b594aa6d47770e7334c","9202421110f6a19ddcf0b9b93602a0a1","29909","linhares","ES"
"086752a19f026192b7993e4e8a3bbc9e","925751a747a151a7fa97f2f686d028c3","52060","recife","PE"
"7942ca8baa666af529e54d8cf200d57b","9627e55290c60f562fa06f399ec6b82f","30130","belo horizonte","MG"
"111dd94da5edace3037f01e3c06d81b2","969e62a47aec03c735127e6f11ad6564","13087","campinas","SP"
"8effdb78a610cf0b7452f1fb02e7ab9a","9735b1a02ad4d2b3747e9a74cad789a1","39560","salinas","MG"
"8fcfaabe1e23602dcbe70019244cfd0e","97981245c3257ea9b14befffd560177b","71909","brasilia","DF"
"7dc3c91fa2bd2415f1b73543020adaa0","97f0fce3f9d7aad1b12499a4e4b10d07","07790","cajamar","SP"
"5352d7b0e81c3b107191e70df710c5c5","9832ae2f7d3e5fa4c7a1a06e9551bc61","25212","duque de caxias","RJ"
"a260ca264a1787a1842ced2735bff664","9935b7e2683de890a208026f020e54d3","01504","sao paulo","SP"
"afa1967d760c4b6249baf048e3874532","9af2c271654a36a48beefe342ba6208a","94945","cachoeirinha","RS"
"d765f7544b62372aafab58ba0ca7d0f6","9b7fcde05dd369caf4dea1f04ed39fcc","02618","sao paulo","SP"
"e1e157f3dbfc5df809751ed8f7fbfd5a","9b8180cd4fe75a8acd576d0408ff8bf4","06720","cotia","SP"
"309e974054989e7a4f3fc8805b3bf55e","9ca25c67e315e2a59b00eca2d4797734","20725","rio de janeiro","RJ"
"e6f88851e7844250dbd8acfcd3346360","9d1773d6d4fb3faaf3173924d181952a","11702","praia grande","SP"
"6eecb45e1c147bc42841894ff03b9e0f","9f67aa18a87ea9a76854deeb9385c011","03066","sao paulo","SP"
"d2062ad0a3a3b45b4481f6b95429abea","a0ef77ac3d3662b055dc12b045da37ed","06253","osasco","SP"
"9c159f3aa83cd57f79f8241e0a7f0628","a262442e3ab89611b44877c7aaf77468","22451","rio de janeiro","RJ"
"e1e2548b6530546bddddc6dc623c6281","a2eb3545fdbc2c6687e8d66c78c206d6","08070","sao paulo","SP"
"84bda8b3f7a2af905dd13f47e3e77ad9","a43931660f8bbcc1c64db8ddf4b10dff","13273","valinhos","SP"
"e59277b168390718b57dd1f0fdbd6306","a4e71a98a7a1490fff07e7a65cf06be2","15080","sao jose do rio preto","SP"
"61a3618acdd8ed6782365c61daa8c0da","a53c5bbb7be8b7a0f586d31c2bc499ef","13339","indaiatuba","SP"
"fb80123043747e0c9ba35ff7e48005b6","a5bdd83dc32225fadcedd741693cede2","02993","sao paulo","SP"
"c772b316328150e8cc709f430dddeda2","a66315c850c3712707754c1eca7a8069","03325","sao paulo","SP"
"0b6c2ee27dbe0bcbffd424f2ddedd222","a6ea57f856565adf869941339028fa05","02731","sao paulo","SP"
"dad0f2e41b6b4b85070b49287a994d37","a9e070f61d35aa13e420c8597b5ccb3d","31744","belo horizonte","MG"
"99b12292a8da6a515b65c9532e061977","abc9e5b32caf6ec0c8fa356117b66d66","19815","assis","SP"
"cd7022d0579d67f69f0fe2e40dc254de","ac2606825161d003acfbe4f43af273b1","02141","sao paulo","SP"
"836f1a73296c20052ab6b439f79940a3","ac3dcee918e6c96eb2ab467158143697","87005","maringa","PR"
"79cfcbd00dfce1c4e9208032ab7aab15","acaf5177d6de60fda7ce77c48abb5230","08674","suzano","SP"
"3324c0488c6c1aa261c51589a05762f3","ad97668eed5826a5d800b15351bea269","03976","sao paulo","SP"
"e04a3d281699153ba8b1028ec74d0169","ae0ef1d2e3a62b54a83dadad4db14f5d","05582","sao paulo","SP"
"87212a59dab079c4b2609ae0dde3d9e8","ae44510fbe1ff7826298182f9f21aee9","22431","rio de janeiro","RJ"
"e6213fe9cfaa822b49088fd66ea9263c","b079e8a1977edd900b4522be9dec0245","20975","rio de janeiro","RJ"
"2cd380c15b5fecae7b832742e50b12b7","b0f47d39f0e55621071ec1e93ca6b74d","65052","sao luis","MA"
"7011f4155b42c995054d9700c975f724","b17ed96ffdf66518b4cf65e328298e7b","26021","nova iguacu","RJ"
"1084533b0217e620e4b6e79b90e7a077","b25a21b56a2d74da49e04cadbc9e0dd8","43700","simoes filho","BA"
"6d4dd822defb49587337ca2fef0d24d3","b26fa76ddf33e534491e4ec46f51bc64","29010","vitoria","ES"
"fa9bad1e16c46aacf561f2240fd0109c","b3a6549b3cd47a7117094faafce8b10d","11444","guaruja","SP"
"21e800d6f32b170bdcc487cbaf5073e0","b495d807ccbd38ea1be486a826c88008","11421","guaruja","SP"
"5694f481bcf5a3d6c1dedda7915d00c7","b531620286c6c6fbd1d3e7b58390fec0","49010","aracaju","SE"
"1188830c8320a8f9abd982d8deb49330","b643c19d91a65d73f94ba8e037668986","22261","rio de janeiro","RJ"
"bba44caabdf148a7ef93ab803e011c58","b9544dcc09004b3b28e388ed130e50f1","20241","rio de janeiro","RJ"
"928194af995122dd13f29b05cedc6a68","b9badb100ff8ecc16a403111209e3a06","03014","sao paulo","SP"
"65a60febfb84d9080ba940046cb70dc0","baffecbd1fcc31f8a415cef1cd8cf772","12281","cacapava","SP"
"65b9e6171c6a2d994dcb5a6305317066","bc7b9e0d078c0c01f622b38cfcd7ee9c","28035","campos dos goytacazes","RJ"
"5e2e02c436037fe3e24aae199cfef092","bcc9a08b533971412be737fd5bd918b3","88075","florianopolis","SC"
"bfc0d6ebdaec3937d7dffc39fa93fb91","bd8e0f3ea9fb694fc53c7a358643fc06","74435","goiania","GO"
"a930e8971b7eed8b6fd594e8bc933058","bf448042b40749d8b95fe00c08a9b5cb","33125","santa luzia","MG"
"b3c9b5795c9e172c44c29fbb63f750d8","bf6656ef50e6fd00e7517b01d615b4f3","29102","vila velha","ES"
"1e1eb493ebb506c5746599158df96f52","bfb33fedf91eb21f6d32ad5345989a6e","04044","sao paulo","SP"
"4c8558c5a434a901a4f81fdf824cf4d6","c0ceb197de4a31388883a6369ec291d6","03133","sao paulo","SP"
"809476bf737c26ec99167089e755cae6","c17526359e1068290ebf7dd22a856de7","13226","varzea paulista","SP"
"9dada6035f2fa20b18915fdc4067a378","c1977e8e3ea0900e70cd1dd70123d382","15503","votuporanga","SP"
"ce86321953a0e590bef64f5823dac5fd","c25d2fb6d22e04ce43c3652e3cacadad","22710","rio de janeiro","RJ"
"cc2012f88759d6b5f92e348658b73465","c2919fbdb45366551c1e80d5cb35cd3f","38064","uberaba","MG"
"a2f9ee83cc551cd380ebf53a01e7893b","c45ece361aab055ea6c55b61eb2d99c0","08810","mogi das cruzes","SP"
"2799559b8170172643a117e4d2923125","c4cf9b10d2668bfabb498d93004ab4a0","39400","montes claros","MG"
"9491289f2b9087e69c474fb8d4436e10","c51a1ea9fa9851c70f89d1178c861150","22795","rio de janeiro","RJ"
"51c01649e2b270e89b1c14207e08ec84","c5cc0bee4b73138ed973a1720df085aa","03423","sao paulo","SP"
"e8a7df4eee97cecb90adaff30ab1774d","c7819760e70376028f519e3b57e6c441","87470","mariluz","PR"
"410416e1364a0c589538c2c856ec97a9","c9b3b24308b1a4587ffa3e60fafc2b1f","11045","santos","SP"
"035cbd7a946d33043056a4fb2d685fb4","ca994abc57b0bd7981d91d0061b3d8d6","90570","porto alegre","RS"
"53e8ebe090be91e51e6dbb3f0d191ba5","cbebce165db72a2bfba9e81a3411bdf7","01321","sao paulo","SP"
"db29c736e0b18b8679863653beef3fe5","cc44d1f72587f44e3af25f68f1db8cd2","45848","itabela","BA"
"eed2a3b3ef8121235ebbd241866be47d","cdc8b0d152b868db7e28de59f642c94a","55004","caruaru","PE"
"f7fa32b05ba9474a22c7420310611fa5","ce41a50f9ff95ef577cb759483fe9165","39830","itambacuri","MG"
"2eb58edf4b8493e1430234d8aaf76e30","d0401aa66d5c33ae752ece32f8474d3c","20230","rio de janeiro","RJ"
"d784edc44b66b9f9473bc9be729e32b4","d052fe86655dae0e952c1bacbbb99d7a","12260","paraibuna","SP"
"f02997f50d14ca353efc7da32d363a8d","d0f6a442ee95ea8674c2d8ba325f41c0","94930","cachoeirinha","RS"
"702e844f1c2e77ce0d9cb9211c7c19e4","d130666a33d3681209c5c752fe56ee10","86804","apucarana","PR"
"782de7052ff8ec3f9770843c3fbfd8bb","d16f2966cda34d01f661bfc50635edb2","01321","sao paulo","SP"
"1353a896c273c4c9727e6c65601de865","d27295915d486516b99c3aed8628e83b","20510","rio de janeiro","RJ"
"2a4c34907e5d9cac0fe074bfb086bc4d","d3f15df5924e63131bcdac6364b6a6fd","09930","diadema","SP"
"105e31e3b36d904c70058578126c4d12","d44ccec15f5f86d14d6a2cfa67da1975","62800","aracati","CE"
"95ebcc4d6979728b4d9993a0c9b6abfb","d4a5e9f19897de65433c9d97bf4b9f8e","04111","sao paulo","SP"
"13e8265ea7e8a11df7a56799f5806220","d55417a83a73d1702b43988e63f0731a","08576","itaquaquecetuba","SP"
"109e52a36c54ff5c530df98a75fb1db8","d5f79f616536f08c3946ee6ac810a43a","12242","sao jose dos campos","SP"
"641cc3ed9b805233ffd9d29dba7f7370","d970a2354b55cfb67fa5840b9b4936ed","81690","curitiba","PR"
"bdc1f7873ac4879bbd970ac78c3d2d96","da5bbfd583efb762f6fda762f1aaf4a9","86050","londrina","PR"
"e5492201e8dd8b9bdc7e8df7a85c6514","dc80a79483121fee90b0d2f53d1054f5","63046","juazeiro do norte","CE"
"e3e78349eb9adb90eb3168e8bc30d029","dcd27efb93b723b301f8bac00e5d7e01","91350","porto alegre","RS"
"805ca5e9a718b68a2b005675eb7fdc29","dce6dc77c19d239bfbe9d77dd4d0ef98","06401","barueri","SP"
"073b17ed858e674f538ce7dc938c8e5c","e0233c751408137ec5cdde0c37e6a61a","37558","pouso alegre","MG"
"bb5fdae340b410274a7aa28d2796bb3d","e14b8cd578c1f576594719bce2ee1aa2","22245","rio de janeiro","RJ"
"c5cfb8b6f3e65d58ff632e69610c68ad","e219a439f6ca99e32824bcc7153969c9","24210","niteroi","RJ"
"100a381a981220d884746d5585c4979c","e325e139452a1ca05f5a33acedd7d94f","04141","sao paulo","SP"
"2af7da42a03f0b164992f335a100ab18","e35b2a3c980b6e0fc66c66b8e1122e93","14406","franca","SP"
"e58d429f0a9f1706d5634b5b33710843","e4971a4defaf07a1d7f2ff615a32c809","03165","sao paulo","SP"
"847e645067bb334fbc66447b28e6651d","e53821a413d5b137cd9005b41f09dfe0","06028","osasco","SP"
"2ae1b12b1746ad270633e41404c0cd1f","e60856952187516c3397a2c4ac63aac4","52070","recife","PE"
"c192363842ee854764cd0db7e2195ebc","e7688fef5438be571d0c39bbb3e8e998","05077","sao paulo","SP"
"20956707b97a897f9bde96e8614a5922","e836a4279bd9127752d8949d46f7a5a5","11310","sao vicente","SP"
"ec2d96d8dd0823d489423155370a247e","e8663abca66edfe7b18d03a921637578","24020","niteroi","RJ"
"620ca2e5846d5dc1c8992cb4ecf74cfd","eac6dbc8ecd0a2f08ed8e53d18f0e0d0","08695","suzano","SP"
"7972b72a39b505982dba57710d018ebf","eb89ecac165940c95a05cb77e89a789d","30662","belo horizonte","MG"
"372369c546ecd90999d87565c5400e82","ec0f5b4fe392d71f361112c1b508b707","76803","porto velho","RO"
"5b81bcdd0bf1486ded3815d4955b8701","ec6a85d8bf9c7a514c411a1287643d1d","25963","teresopolis","RJ"
"075560cf9df80d1ad1d32ad2e972dc29","ed91e2bcbc71d72c1d7871961a01d3e3","09973","diadema","SP"
"0554c3266a8eb4ba8b72e3a559d418d9","edb73fb9e9c6e283badde40e37f5c9e5","13360","capivari","SP"
"cd036f4704c0f53c4363227d956745a6","eddc1407b097ef7952deb24806c9059b","24120","niteroi","RJ"
"7b5b875a0a87ae800cd0230aa35adbc3","ee4a5dab94b427525ea24bc30d4442fb","24220","niteroi","RJ"
"d6646ea91d8cd9fc7e6882a7068779d4","efce1ab3e96ccab8b1b464326bd22417","01233","sao paulo","SP"
"046da9eb71f72a1d1f4722fdd0f6614b","f00aa1cfc257dfff20184269b19db923","21530","rio de janeiro","RJ"
"27a3e266eaf8507e23957d7b5ea35d6f","f113042ff356f926d517f3087d4a1ba8","99025","passo fundo","RS"
"838db17a7ea397c8bbb5d0b4d48b1ba6","f145d50379275ab9931636f83b0102eb","49035","aracaju","SE"
"596fd4048d82c29ab65e84fb7877f431","f216de65ece42736f341247dcba60ccb","21940","rio de janeiro","RJ"
"ebd63abbdb05e1f65308cf14a44a488a","f34cd7fd85a1f8baff886edf09567be3","89107","pomerode","SC"
"9523328a28afcbb2b4e2e7e49d729bcb","f7471d502dd946e0a2cb6020bf076808","11717","praia grande","SP"
"dbfc2fb6a9424037815a3a887c10be61","f7b62c75467e8ce080b201667cbbc274","09990","diadema","SP"
"9fa56e6eb804eb7f8c2d80a133c84546","f80c7e4cf2fa8ff3532323f19bf603ba","04815","sao paulo","SP"
"d8b8d43321df5d73fc4b3aa748ca2067","f8c74f26f568c1b52cd212e700e977df","59133","natal","RN"
"6e4bf3181d51b8957a210a1fffbae639","f92fd2c87375f957ece022972b16849b","30285","belo horizonte","MG"
"7fff57779c5364c51a1463b7133b38a1","f95de29d9e810e69f55626ff1bbd4d60","22040","rio de janeiro","RJ"
"409a4744aa5c2af44e194aff56430322","fb490a070c5dbc385afadcf0e56270bd","21040","rio de janeiro","RJ"
"e09ccd04cb9679cb5033871d086afd62","fd09c64a101e3eff4adbca1b28552514","08070","sao paulo","SP"
"1e79e4f1a4653e041c3ce1ddb2ff239f","fe3e52de024b82706717c38c8e183084","36420","ouro branco","MG"
